Designator,Footprint,Quantity,Value,LCSC Part #
C1,0805,1,10uF 25V,C15850
"C10, C2, C7, C9",0402,4,100nF 16V,C1525
C11,0402,1,10uF 6.3V,C15525
C12,0402,1,10nF 50V,C15195
"C3, C4",0805,2,47uF 6.3V,C16780
C5,0402,1,100nF 50V,C307331
C6,1206,1,22uF 25V,C12891
C8,0402,1,22nF 50V,C1532
D1,D_SOD-323,1,1N5819WS,C191023
J1,USB-C_HX-TYPE-C-16PIN_NPTH-pegs,1,USB-C 16P (12V + I2C),C5178539
L1,L_Changjiang_FTC252012S,1,4.7uH,C5832374
R1,0402,1,1.5k 1%,C25867
R2,0402,1,10k,C25744
"R3, R4",0402,2,2.2k,C25879
U2,QFN-16-1EP_3x3mm_P0.5mm_EP1.68x1.68mm_ThermalVias0.3,1,DRV8876RGTR,C1852100
U3,VQFN-16_L3.0-W3.0-P0.50-BL-EP1.7,1,MLX90393SLW-ABA-011-RE,C2649492
U4,TSOT-23-6,1,AP63205WU-7,C2071056
