Comment,Designator,Footprint,LCSC Part #,Quantity,Manufacturer,MPN
10uF 25V,C1,C_0805_2012Metric,C15850,1,Samsung Electro-Mechanics,CL21A106KAYNNNE
100nF 16V,"C2,C7,C9,C10",C_0402_1005Metric,C1525,4,Samsung Electro-Mechanics,CL05B104KO5NNNC
47uF 6.3V,"C3,C4",C_0805_2012Metric,C16780,2,Samsung Electro-Mechanics,CL21A476MQYNNNE
100nF 50V,C5,C_0402_1005Metric,C307331,1,Samsung Electro-Mechanics,CL05B104KB54PNC
22uF 25V,C6,C_1206_3216Metric,C12891,1,Samsung Electro-Mechanics,CL31A226KAHNNNE
22nF 50V,C8,C_0402_1005Metric,C1532,1,FH (Guangdong Fenghua),0402B223K500NT
10uF 6.3V,C11,C_0402_1005Metric,C15525,1,Samsung Electro-Mechanics,CL05A106MQ5NUNC
10nF 50V,C12,C_0402_1005Metric,C15195,1,Samsung Electro-Mechanics,CL05B103KB5NNNC
1N5819WS,D1,D_SOD-323,C191023,1,Guangdong Hottech,1N5819WS
USB-C 16P (12V + I2C),J1,USB-C_HX-TYPE-C-16PIN_NPTH-pegs,C5178539,1,hanxia(韩下),HX TYPE-C 16PIN
4.7uH,L1,L_Changjiang_FTC252012S,C5832374,1,Changjiang Microelectronics,FTC252012S4R7MBCA
1.5k 1%,R1,R_0402_1005Metric,C25867,1,UNI-ROYAL,0402WGF1501TCE
10k,R2,R_0402_1005Metric,C25744,1,UNI-ROYAL,0402WGF1002TCE
2.2k,"R3,R4",R_0402_1005Metric,C25879,2,UNI-ROYAL,0402WGF2201TCE
DRV8876RGTR,U2,QFN-16-1EP_3x3mm_P0.5mm_EP1.68x1.68mm_ThermalVias0.3,C1852100,1,Texas Instruments,DRV8876RGTR
MLX90393SLW-ABA-011-RE,U3,VQFN-16_L3.0-W3.0-P0.50-BL-EP1.7,C2649492,1,Melexis(比利时迈来芯),MLX90393SLW-ABA-011-RE
AP63205WU-7,U4,TSOT-23-6,C2071056,1,Diodes Incorporated,AP63205WU-7
