Designator,Mid X,Mid Y,Rotation,Layer
C1,25.15,-34.35,0.0,bottom
C10,19.75,-26.35,270.0,bottom
C11,15.65,-28.93,180.0,bottom
C12,22.0,-22.05,0.0,bottom
C2,22.5,-31.025,90.0,bottom
C3,20.75,-34.45,180.0,bottom
C4,17.15,-34.45,0.0,bottom
C5,21.3,-13.45,0.0,bottom
C6,17.9,-13.5,0.0,bottom
C7,23.25,-13.45,0.0,bottom
C8,25.2,-13.45,180.0,bottom
C9,15.45,-21.65,270.0,bottom
D1,16.3,-32.4,180.0,bottom
J1,33.3675,-23.85,270.0,bottom
L1,20.15,-31.5,0.0,bottom
R1,22.0,-21.0,0.0,bottom
R2,23.95,-19.15,0.0,bottom
R3,19.75,-24.4,270.0,bottom
R4,17.6,-21.2,0.0,bottom
U2,23.95,-16.3,180.0,bottom
U3,17.1,-24.6,180.0,bottom
U4,25.15,-31.5,180.0,bottom
